Row,z_1,z_2
0,0.44067667638880276,0.3006035335958241
1,0.24452021644858785,0.005260792824013684
2,0.36166958936123084,-0.11534942898369827
