Row,z_1,z_2
0,-0.6215509051019222,0.5631171139745018
1,-0.39955112818626176,0.6273732710837867
2,-0.6970705699517776,0.9277625120965478
